{"cameraMode":{"drawMode":0,"name":"Shaded","section":"Shading Mode"},"sceneLighting":false,"audioPlay":false,"sceneViewState":{"m_AlwaysRefresh":false,"showFog":true,"showSkybox":false,"showFlares":true,"showImageEffects":true,"showParticleSystems":true,"showVisualEffectGraphs":true,"m_FxEnabled":true},"in2DMode":false,"pivot":{"x":0.01586127281188965,"y":2.628139019012451,"z":-0.02384507656097412},"rotation":{"x":-0.01199105754494667,"y":0.9733194708824158,"z":-0.22308602929115296,"w":-0.052316684275865558},"size":3.358065366744995,"orthographic":false}