{"cameraMode":{"drawMode":0,"name":"Shaded","section":"Shading Mode"},"sceneLighting":false,"audioPlay":false,"sceneViewState":{"m_AlwaysRefresh":false,"showFog":true,"showSkybox":false,"showFlares":true,"showImageEffects":true,"showParticleSystems":true,"showVisualEffectGraphs":true,"m_FxEnabled":true},"in2DMode":false,"pivot":{"x":-0.0000972747802734375,"y":1.2925188541412354,"z":-0.03947514295578003},"rotation":{"x":0.023239823058247567,"y":0.9666223526000977,"z":-0.2368658483028412,"w":0.09483912587165833},"size":1.944494605064392,"orthographic":false}